{"inputUnits":[34],"outputUnits":10,"inputs":{"0":{"dtype":"number","min":107.68780505680434,"max":460.2318193759137},"1":{"dtype":"number","min":22.48738577026605,"max":328.2511417024549},"2":{"dtype":"number","min":108.1050654182657,"max":461.6487921701769},"3":{"dtype":"number","min":14.509888885081628,"max":337.19145404897466},"4":{"dtype":"number","min":108.00331398292823,"max":458.3619356062444},"5":{"dtype":"number","min":12.94288917824074,"max":347.1599877786915},"6":{"dtype":"number","min":124.98547172918188,"max":432.6974683616593},"7":{"dtype":"number","min":22.962667007892453,"max":334.55138267829403},"8":{"dtype":"number","min":128.00011588351302,"max":434.44636383948966},"9":{"dtype":"number","min":23.444036294145192,"max":352.2654881765503},"10":{"dtype":"number","min":153.0359939664428,"max":431.49071527968135},"11":{"dtype":"number","min":79.08661148933871,"max":330.48461438154845},"12":{"dtype":"number","min":118.39290105808547,"max":387.9522705078125},"13":{"dtype":"number","min":82.46699134276392,"max":333.2322945697033},"14":{"dtype":"number","min":128.9116027713054,"max":488.3913875230339},"15":{"dtype":"number","min":120.45799842819599,"max":376.2804396482471},"16":{"dtype":"number","min":90.08007503160024,"max":366.3808442649321},"17":{"dtype":"number","min":131.6257481268275,"max":381.9136514347664},"18":{"dtype":"number","min":127.8974637929459,"max":493.1076115241989},"19":{"dtype":"number","min":92.26865891127558,"max":448.38867365965365},"20":{"dtype":"number","min":89.51041357326693,"max":397.70219769394186},"21":{"dtype":"number","min":95.52739728961075,"max":451.21199758429276},"22":{"dtype":"number","min":168.02938420405397,"max":428.4499628316124},"23":{"dtype":"number","min":217.99560427898086,"max":411.3598513835587},"24":{"dtype":"number","min":126.15352459585921,"max":381.6208929764597},"25":{"dtype":"number","min":216.65952240049722,"max":406.6297100580226},"26":{"dtype":"number","min":157.57981001052707,"max":483.5716533103184},"27":{"dtype":"number","min":305.0433117604395,"max":442.28657177781963},"28":{"dtype":"number","min":106.31899173729136,"max":389.4141671996832},"29":{"dtype":"number","min":306.12248173466435,"max":444.12432099875883},"30":{"dtype":"number","min":165.4412163628472,"max":478.2502522756714},"31":{"dtype":"number","min":366.8437019333272,"max":534.2088133456879},"32":{"dtype":"number","min":68.63140500312196,"max":400.24882348192597},"33":{"dtype":"number","min":377.03624703033626,"max":536.7992021884137}},"outputs":{"0":{"dtype":"string","min":0,"max":1,"uniqueValues":["Garlan Pose","Low Lunge","Mountain","Raised Arm Pose","Standing Forward Bend","Straight Leg Lunge","Easy Pose","Triangle Pose","Warrior 1","Warrior 2"],"legend":{"Garlan Pose":[1,0,0,0,0,0,0,0,0,0],"Low Lunge":[0,1,0,0,0,0,0,0,0,0],"Mountain":[0,0,1,0,0,0,0,0,0,0],"Raised Arm Pose":[0,0,0,1,0,0,0,0,0,0],"Standing Forward Bend":[0,0,0,0,1,0,0,0,0,0],"Straight Leg Lunge":[0,0,0,0,0,1,0,0,0,0],"Easy Pose":[0,0,0,0,0,0,1,0,0,0],"Triangle Pose":[0,0,0,0,0,0,0,1,0,0],"Warrior 1":[0,0,0,0,0,0,0,0,1,0],"Warrior 2":[0,0,0,0,0,0,0,0,0,1]}}},"isNormalized":true}